2277,-179,638,625,-1209,-841
1989,-196,-695,323,-110,-336
1997,-231,-581,125,847,46
2029,-277,-495,-58,1136,-113
2146,-292,-91,31,619,-1388
2119,-260,-116,195,-55,-2038
2104,-209,-155,243,-205,-1713
2119,-218,-183,254,-33,-1156
2082,-176,-194,496,-40,-685
2062,-198,-216,688,200,-107
2077,-195,-194,731,264,103
2086,-201,-168,818,333,334
2066,-216,-178,881,614,575
2092,-242,-136,1171,767,817
2138,-271,-147,1448,594,878
2152,-319,-173,1313,404,139
2023,-270,-183,1195,494,-1
402,301,-205,2198,4543,3319
1826,-455,-1768,791,-1100,-2713
1941,-406,-1213,409,-114,-5435
2095,-260,-59,216,-288,-5698
1948,-51,95,379,-631,-3530
1848,-123,-113,376,59,-938
2059,-327,-206,804,317,-1155
1835,-104,-238,1112,695,-1568
1795,-214,-353,-102,1159,-1410
1871,-152,-258,-41,1641,148
1877,-219,-138,-627,828,-704
1978,-173,-278,105,42,-749
1770,-79,-266,656,235,-514
1668,-90,-298,1186,1109,672
1819,-150,-90,1642,-524,1479
1955,-126,-21,1683,-879,94
1718,-130,-173,2020,-1600,171
1629,-60,-416,2494,-942,1584
1985,-335,13,873,-5706,-904
1599,-314,-43,1329,-5608,-1395
1612,-332,-175,1114,-2412,-977
1784,-346,-272,-31,434,-2250
2076,-358,-217,-1937,-478,-3204
2241,-170,-246,-1652,-1734,-3039
2155,-43,-297,-172,-2896,-2690
1986,-217,-249,349,-5073,-3191
1778,-322,-381,1828,-4824,-6316
1347,-274,-545,1767,167,-7250
1572,-273,-394,-2658,3276,-4592
2010,-163,16,-3647,3468,-2001
2100,-121,102,-1545,856,-1477
1999,-177,-56,-134,-1774,-2572
1575,-137,-251,719,-1162,-3637
1307,-143,-365,199,2846,-2368
2058,-354,-249,-1872,4134,-1406
2096,-234,-135,-1848,5342,-352
2565,-260,-162,-2330,726,-1264
2300,-71,-103,-1189,-3240,-2478
1917,95,-244,607,-4114,-1954
1645,99,-233,483,-3176,893
1637,4,-254,350,694,567
1880,-73,-371,-640,2442,-1038
2099,90,-305,-629,2324,-1784
2178,203,-145,-72,-145,-1119
1928,130,-171,1783,-1757,-836
1555,83,-332,3251,-384,-432
1383,40,-298,3539,3344,1167
1515,-121,-273,2158,4534,2265
1793,-229,-172,1315,4388,1277
1816,-13,-60,1481,2115,-330
1611,124,-221,2044,628,-1326
1322,226,-259,2836,890,-1512
1182,278,-253,3245,2602,-262
1108,212,-307,4310,5649,2573
1415,55,-302,4017,8017,3671
1625,-95,-230,3088,8237,2935
1876,-130,24,2399,5771,941
1845,-92,137,2576,1422,-2230
1657,-3,-30,2839,-1528,-4091
1506,-58,-105,4204,-3107,-4268
1364,-92,-248,4272,-3458,-4210
1307,-248,-416,1640,-223,-2518
1659,-229,-16,-3874,441,-2270
2501,-8,791,-2783,-4661,-2784
2125,-32,-146,2642,-5970,-6594
1843,195,-691,3220,-5669,-5006
1546,404,-628,2302,-2093,220
1822,268,-158,2529,-700,3310
2001,36,-8,3435,1444,1924
2271,-121,-2,1580,2482,-200
2624,-96,-12,-14,1970,-2206
2770,97,22,-177,951,-2819
2776,229,112,1476,-683,-1858
2640,87,13,3539,-491,-109
2654,-45,-28,4282,-673,727
2647,20,-80,4703,-1257,276
2519,-1,-173,4981,-1142,-570
2457,52,-331,5615,487,-677
2334,169,-295,5935,2010,835
2366,186,-98,6065,3672,4152
2411,-4,-20,4867,4416,6854
2523,-125,222,3150,3886,7010
2518,-213,302,2910,3220,3294
2559,-190,176,2153,2062,-1792
2463,-18,46,1598,3054,-4977
2432,80,-58,2124,6008,-3689
2583,11,-1,2852,7550,-292
2734,-214,116,3207,7652,986
2690,-405,142,2487,6657,584
2658,-354,240,1409,5295,-383
2711,-9,272,1519,3468,-2198
2607,89,221,1066,1937,-3785
2355,217,75,2336,2461,-2833
2555,140,-59,1799,2921,-1113
2767,-41,61,1236,2239,-208
2496,-247,-20,1861,2974,-2406
2439,-219,-22,749,3204,-3111
2462,-173,167,-284,2778,-4695
2277,-129,79,-515,2517,-4595
2299,5,-8,-465,2787,-3421
2448,145,95,-423,2466,-2225
2448,160,284,453,1921,-1206
2435,38,280,1218,200,-1535
2214,65,102,2186,-163,-1371
2185,45,113,1776,896,-74
2239,-16,296,1504,1273,290
2219,-35,420,1333,264,68
2211,61,344,941,-742,-282
2148,101,212,846,-562,-737
2085,166,211,748,129,-403
2090,175,231,806,1047,47
2085,184,289,856,1434,505
2195,69,366,757,802,174
2344,9,389,376,-1294,-1290
2267,6,251,632,-2764,-2516
2177,97,96,951,-2490,-1966
2162,164,88,1453,-2235,-1151
2103,153,166,2331,-1777,-1058
2174,29,33,1271,-1560,-1118
2221,97,135,1160,-1240,-1758
2299,134,126,1365,-1783,-1845
2281,160,79,1905,-752,-312
2287,125,119,1331,39,104
2372,15,192,735,22,-75
2470,-20,239,110,-856,-870
2517,-17,162,-70,-1776,-1483
2456,73,47,-20,-1645,-1485
2405,169,-1,60,-410,-501
2420,171,15,301,882,541
2530,48,43,404,1372,1104
2673,-10,77,211,1216,539
2723,-39,125,-13,189,62
2679,-36,88,348,-370,45
2708,-63,9,466,-125,807
2710,-83,35,341,371,800
2698,-61,36,-17,757,345
2764,-77,6,-128,1070,-58
2762,-100,-93,-64,1648,-38
2788,-98,-76,-168,1948,-122
2813,-119,50,-82,1584,-128
2842,-142,109,228,616,-302
2858,-202,-26,-570,383,312
2846,-214,-65,-853,1378,804
2940,-244,-32,-811,2100,775
3133,-283,48,-996,1833,124
3193,-283,-9,-1403,801,-825
3137,-163,112,-1069,797,-278
3127,-178,42,-955,174,-501
3262,-217,104,-1330,104,678
3351,-192,242,-1999,-1568,1541
3386,-98,89,-2204,-3374,1555
3428,-174,-171,-2563,-2514,2203
3576,-296,-27,-2727,-2159,2219
3616,-263,93,-2874,-3378,1492
3579,-94,12,-2679,-4049,1670
3506,-41,-170,-1831,-2532,1963
3574,-110,-157,-394,-231,1362
3643,-189,31,232,639,1707
3564,-180,361,-715,-2299,3115
3528,-171,454,-1525,-4835,3837
3584,-194,472,-2405,-6618,3426
3523,-42,330,-2642,-6988,2486
3453,0,99,-2654,-5324,2335
3584,-39,63,-2375,-3447,1972
3592,84,138,-981,-1894,1524
3397,114,389,-577,-2848,2383
3197,167,645,-335,-5208,3526
3034,106,456,-856,-6827,5337
3099,-39,178,-2661,-6998,5709
3294,-105,156,-3651,-6937,5008
3218,22,203,-3724,-6986,4956
3184,-151,121,-3617,-6726,4925
3016,-191,149,-3574,-8161,5242
3067,-230,148,-4531,-8767,4767
3248,-236,-74,-5108,-12247,5614
3334,-246,-415,-6787,-12629,5881
3803,-399,-709,-7368,-14004,5710
4216,-525,-898,-3293,-13729,7124
4683,-593,-728,286,-9679,5573
4450,114,-124,6403,-3363,6534
3309,556,668,9430,5130,11716
926,101,-175,4951,2672,15227
25,2,-73,4998,2227,15196
45,-33,-107,4961,1999,15878
-28,-1,-180,4959,1968,16237
-33,-20,-238,4805,1844,16810
-29,-5,-215,4878,1833,17167
-26,-9,-204,4780,1726,17728
-2,-11,-209,4801,1748,18083
3,-20,-214,4746,1667,18565
4,-11,-232,4673,1748,18876
7,-18,-227,4618,1759,19299
10,-29,-203,4542,1781,19605
15,-32,-222,4483,1824,19890
2,-27,-227,4406,1911,20125
0,-30,-228,4312,1978,20342
10,-39,-227,4236,2054,20558
4,-30,-209,4170,2146,20780
8,-52,-224,4057,2186,20924
12,-34,-238,3956,2218,21084
23,-54,-227,3870,2284,21196
23,-65,-246,3746,2363,21286
34,-48,-233,3656,2406,21355
31,-48,-224,3557,2499,21404
27,-51,-224,3473,2584,21413
37,-66,-220,3385,2649,21441
32,-56,-245,3289,2714,21467
29,-55,-210,3220,2797,21481
25,-63,-212,3106,2794,21471
13,-68,-227,2993,2826,21457
31,-64,-215,2887,2872,21413
36,-65,-210,2817,2914,21362
27,-55,-236,2724,2958,21273
29,-73,-216,2663,2983,21194
43,-70,-214,2567,3046,21111
28,-64,-231,2539,3077,21026
37,-54,-217,2476,3107,20888
48,-66,-232,2399,3107,20746
42,-66,-205,2370,3091,20638
51,-66,-220,2318,3097,20443
32,-72,-221,2252,3100,20271
38,-74,-244,2200,3137,20126
44,-83,-226,2161,3112,19963
45,-77,-234,2126,3149,19810
18,-65,-227,2109,3177,19708
11,-71,-217,2135,3208,19574
23,-75,-227,2137,3305,19425
-10,-86,-237,2113,3638,19400
-28,-75,-237,2222,3753,19383
-21,-87,-210,2364,3843,19496
-9,-68,-195,2515,3911,19622
-29,-71,-183,2726,4029,19770
-15,-53,-187,2880,4219,19940
-25,-67,-226,3020,4418,20168
-37,-50,-240,3151,4713,20440
-10,-56,-220,3197,4947,20673
-3,-45,-243,3186,5069,20817
12,-60,-221,3205,5141,20781
-1159,-1122,2463,6701,6814,28808
-5251,-797,3818,22993,67,32767
-3217,-4118,3000,17375,-292,32767
-2780,-3431,3055,17714,-32768,32767
-4074,-1055,2932,24426,-32768,13870
-1595,-950,394,20208,-32768,-15371
-1106,336,486,25813,-32768,-10361
-1758,1370,46,18406,-32083,10219
303,-25,945,20513,-24825,17739
469,-285,718,7252,-32768,12092
396,-740,-389,-11999,-32768,3975
-124,-804,856,-23737,-32768,-8806
699,-1426,1444,-32768,-32768,-16318
171,-717,7365,-29926,-25365,-18405
-35,-1727,3237,-16895,-20353,-16286
-1427,-3318,1509,-10032,-14051,-13329
-937,-2564,3060,14647,-7450,-6358
-1458,-1751,3607,28550,3684,2422
-1650,-974,2845,24900,12750,10223
-1633,-826,2723,10016,23908,5282
-2894,-2202,4311,-12892,21530,-473
-3584,-2831,4034,-9772,7785,-7712
-3824,-2204,3314,277,-10478,-9279
-2769,-1931,2950,5892,-21604,-6234
-2550,-1558,2228,10372,-26143,-5827
-2218,-1357,2364,9233,-21715,-4879
-2155,-1472,2993,7418,-14920,-4731
-2567,-1531,3596,7107,-7462,-2492
-2670,-1659,3880,10150,-3007,1739
-2612,-1547,3651,12450,-3237,884
-2369,-1183,2994,10673,-5934,-835
-1921,-1124,3006,7081,-8034,-5119
-1722,-1346,3012,3557,-8619,-10919
-1776,-1486,3260,788,-8460,-11770
-1583,-1613,3204,-998,-8780,-11107
-1517,-1497,3304,866,-7405,-9488
-1453,-1403,3119,3511,-5962,-5805
-1364,-1299,2839,3127,-4628,-2223
-1305,-1322,2751,2986,-2919,55
-1280,-1319,2745,3357,-2190,1342
-1214,-1161,2840,5604,-2403,1208
-988,-1072,2660,6930,-2357,-1377
-770,-846,2378,4428,-4191,-5232
-592,-770,1978,202,-6642,-7981
-565,-642,1728,-2791,-8282,-9892
-448,-716,1738,-3989,-9950,-10473
-567,-665,1790,-2157,-10303,-8082
-383,-623,1816,3095,-10147,-4865
-273,-499,1586,7205,-9662,-3029
-18,-457,1525,7842,-7954,-799
154,-599,1364,4220,-6938,-1751
275,-739,1274,-2858,-6709,-5582
286,-625,1307,-8205,-7690,-8929
148,-549,1300,-9425,-7911,-10567
300,-824,1266,-8512,-7108,-12348
303,-876,1285,-7900,-7749,-13822
206,-678,1210,-5290,-8411,-13512
240,-549,1043,-11,-7350,-11769
58,-187,1286,5495,-4326,-7480
49,-110,1392,8524,-3056,-1719
208,-280,1430,8738,-1172,835
257,-482,1578,9294,2712,1540
270,-568,1610,10995,8439,1973
246,-600,1401,12065,10977,3053
224,-691,1214,11601,9919,3137
72,-473,1154,9964,5712,830
-64,-227,1400,10759,3673,730
-84,-210,1670,12079,3328,131
-60,-308,1988,9562,2573,-1098
-26,-405,2105,5942,2159,-3275
76,-593,1737,3004,2894,-4013
22,-604,1469,226,3880,-4363
-66,-462,1527,795,2715,-2594
-128,-257,1543,5606,1242,260
-183,-53,1539,9474,1403,1614
-346,-21,1588,56,641,-565
11,-184,1453,-293,97,-2002
130,-263,1413,-1332,1436,-1924
32,-412,1407,-993,1012,-2494
84,-561,1496,-181,1667,-3568
-42,-443,1559,1472,1173,-2461
-81,-412,1634,3851,1601,-418
-103,-279,1720,6714,2216,1935
-88,-147,1625,7052,1062,3534
-111,-195,1500,6130,-157,4952
29,-262,1675,3914,-845,4846
107,-348,1939,1530,214,2871
-2,-390,2211,1050,750,867
-174,-254,2204,1337,928,355
-192,-108,2167,1204,755,372
-111,-171,2165,948,531,773
-33,-333,2111,612,-173,937
-13,-372,2216,1396,-556,1532
-72,-343,2197,2692,-607,2504
-78,-348,2253,2859,998,2118
-215,-326,2402,2510,2112,1484
-230,-272,2407,1856,1828,665
-169,-211,2264,830,1171,234
-183,-143,2316,-888,450,-56
-306,-168,2432,-1642,-272,352
-353,-345,2749,140,319,1132
-387,-327,2792,583,1332,608
-429,-269,2711,-227,1781,307
-437,-288,2659,-1405,2836,245
-473,-400,2677,-1998,2990,635
-530,-469,2727,-1108,3274,1075
-590,-406,2817,426,3735,1385
-601,-303,2786,1098,4261,1508
-567,-322,2697,525,5220,814
-511,-364,2669,103,5366,-862
-592,-423,2677,-335,5871,-2476
-775,-399,2607,-1158,5173,-3041
-872,-467,2429,-1922,5160,-2816
-851,-429,2774,-2386,4649,-680
-929,-546,2915,-1978,5154,1348
-963,-597,2926,-964,6333,2269
-1026,-430,2960,-595,7357,2632
-1066,-329,2964,-1916,7557,1870
-1106,-301,3129,-3866,7621,848
-1169,-404,3196,-4580,7426,322
-1182,-477,3333,-3378,8623,420
-1445,-593,2707,-3319,10557,-149
-1497,-431,3496,-3379,11210,-979
-1203,-720,3542,-4494,10049,-2311
-1235,-547,3270,-5638,11096,-2410
-1298,-605,3226,-5037,11967,-809
-1340,-629,3344,-3559,11987,1479
-1255,-711,3479,-1631,11975,3197
-1202,-712,3411,-1631,12626,2529
-1240,-614,3508,-1911,12400,2944
-1370,-455,3501,-2650,12421,3577
-1319,-552,3286,-2505,14098,2418
-1460,-678,3348,-2872,17265,-1813
-1713,-842,3236,-4328,17396,-2314
-1832,-985,3024,-5713,17222,-1079
-1977,-1065,2968,-6050,17861,529
-2246,-1135,3063,-5851,19410,2627
-2288,-1002,3505,-4308,20951,2942
-2401,-831,3653,-3167,22922,2691
-2061,-669,3623,-3359,26468,1066
-1705,-737,3558,-533,31042,277
-902,-1210,3267,-2500,29627,2483
261,-799,3205,97,14464,2440
1233,-627,745,1777,-9643,-10381
-1,16,-139,-3724,-17146,-14723
26,-102,-577,-3600,-14972,-15435
-41,40,-450,-3626,-14404,-15245
56,-14,-216,-3605,-13228,-15017
89,-34,-223,-3656,-12725,-15117
47,-25,-225,-3728,-12184,-15108
47,-36,-246,-3825,-11452,-15157
51,-25,-242,-3888,-11064,-15096
46,-33,-234,-3991,-10611,-15067
45,-19,-236,-4068,-10256,-15001
63,-13,-228,-4141,-9904,-14914
39,-21,-235,-4241,-9657,-14839
50,-40,-224,-4309,-9414,-14776
43,-17,-222,-4387,-9208,-14695
44,-28,-225,-4448,-8989,-14619
31,-20,-206,-4507,-8860,-14535
45,-25,-239,-4579,-8702,-14461
40,-14,-200,-4633,-8612,-14406
46,-29,-210,-4692,-8508,-14308
38,-17,-226,-4760,-8416,-14239
38,-26,-212,-4789,-8361,-14187
24,-27,-209,-4831,-8314,-14148
41,-30,-209,-4861,-8265,-14090
30,-33,-220,-4874,-8227,-14055
53,-37,-215,-4888,-8199,-14059
49,-41,-202,-4907,-8205,-14065
42,-39,-201,-4950,-8203,-14094
60,-30,-225,-4945,-8205,-14142
56,-28,-230,-4989,-8243,-14250
60,-38,-212,-5021,-8268,-14408
51,-46,-203,-5062,-8322,-14541
66,-44,-203,-5083,-8363,-14702
53,-49,-198,-5102,-8393,-14816
59,-52,-199,-5129,-8425,-14984
63,-42,-195,-5132,-8515,-15157
54,-57,-192,-5162,-8643,-15405
68,-64,-200,-5212,-8788,-15632
79,-70,-197,-5257,-8985,-15941
88,-66,-200,-5336,-9181,-16315
81,-59,-190,-5418,-9385,-16762
87,-74,-188,-5475,-9604,-17195
83,-77,-187,-5536,-9807,-17724
97,-95,-192,-5571,-10038,-18305
112,-86,-187,-5604,-10342,-19006
118,-98,-155,-5675,-10688,-19797
118,-110,-166,-5786,-11044,-20651
120,-113,-202,-6036,-11387,-21565
135,-129,-178,-6267,-11690,-22571
136,-133,-198,-6509,-11895,-23684
149,-147,-190,-6793,-12126,-24878
166,-165,-176,-7188,-12495,-26549
160,-174,-166,-7513,-12582,-28024
166,-191,-199,-7913,-12730,-29574
176,-181,-171,-8226,-12776,-31160
185,-191,-173,-8589,-12738,-32768
151,-194,-184,-8944,-12736,-32768
155,-182,-208,-9346,-12524,-32768
121,-189,-229,-9772,-12087,-32768
95,-188,-232,-10126,-11620,-32768
78,-177,-246,-10436,-11063,-32768
57,-193,-176,-10831,-10625,-32768
68,-218,-171,-11245,-10205,-32768
95,-213,-163,-11517,-9614,-32768
91,-195,-158,-11859,-9237,-32768
15,-201,-174,-12299,-8913,-32768
10581,32767,7231,32767,-32768,32767
-7229,-1856,-15542,-5845,32767,32767
13539,-8516,18128,-29430,30445,32767
-1316,-9913,-22981,-32768,-26245,32767
-2017,-4727,-13361,-4085,23749,32767
-1532,-2557,-7593,-19259,27924,21859
4951,-2913,6488,-22805,13870,2973
2884,-1865,1557,-21218,3553,-25146
2135,-1792,609,-18521,-4404,-32768
759,-1813,-3309,-12668,8414,-32768
1635,-1780,-1715,-5905,29869,-32768
683,-612,-1707,10510,32767,-32768
2487,349,478,20857,32767,-24141
3939,-729,1267,21457,32767,-24847
2191,-137,1469,-1539,16951,-15472
2002,-186,818,-10543,3283,-6590
2514,-542,271,-6307,-1257,2106
3471,-1103,-26,-1798,-1184,10783
3718,-1604,-96,-1036,1958,7993
3485,-1969,116,-2587,4040,-1903
2821,-1526,70,-2251,8043,-9897
2917,-902,383,768,10732,-8907
3430,-671,529,4508,13420,-4717
3826,-659,948,6864,12868,-1334
4005,-962,1415,7111,8376,1918
3992,-1507,1325,6593,2731,2623
3951,-1990,820,2110,-1157,-842
3612,-1991,666,-3564,-2680,-4747
3768,-1663,739,-3047,446,-10044
3986,-999,1008,1249,1524,-13904
3840,-649,832,3938,2334,-9543
3725,-474,815,3313,2530,-3241
3670,-500,990,3203,1666,1696
3642,-793,812,2840,758,3168
3739,-995,676,2578,1779,1954
3618,-886,502,1184,1545,-505
3712,-738,711,-998,-808,-1850
3271,-537,756,-1434,-3436,-2080
3008,-420,612,-820,-3668,-31
2926,-434,531,-9,-2499,2582
2822,-559,578,593,-2675,4080
2670,-677,635,1391,-3440,4770
2427,-822,573,1416,-4796,4530
2309,-843,536,926,-5277,3185
2352,-818,593,-296,-6678,407
2190,-682,552,-2177,-8388,-3251
1899,-374,531,-2671,-8291,-6988
1614,-195,460,-2850,-7855,-7540
1300,-62,408,-3177,-7063,-5809
1165,-16,390,-2808,-5522,-3690
1111,-2,454,-2266,-4196,-2652
1070,-40,587,155,-2643,-2766
951,-32,547,1882,-2577,-3217
835,-30,421,1276,-3470,-2510
800,-53,360,-296,-3832,-476
933,-96,265,-1231,-3064,820
1105,-129,197,-1450,-2053,422
1053,-107,158,-1930,-868,-772
946,-78,290,-1807,459,-1837
981,-64,428,-856,679,-2201
1022,-103,332,327,913,-1292
1122,-214,159,561,2555,-26
1471,-284,255,-817,3573,-442
1599,-105,359,-2255,745,-3383
1615,-40,259,-878,935,-1443
1764,-42,227,-38,1566,-143
1925,-137,217,26,2093,126
1896,-234,220,315,3182,337
1989,-318,232,907,4296,245
2153,-323,350,1029,4192,-699
2287,-322,376,224,3198,-1576
2365,-270,312,-462,3338,-1777
2432,-291,298,-426,4105,-913
2670,-375,373,-654,3916,53
2927,-488,341,-521,3392,-1
3165,-574,302,-187,2633,-684
3360,-617,305,173,1538,-1499
3577,-625,368,233,-170,-2406
3613,-576,301,-142,-1963,-2507
3615,-496,176,-410,-2556,-1847
3593,-400,131,-841,-2151,180
3549,-369,194,-900,-1411,2668
3522,-353,325,-370,-882,5644
3450,-385,338,253,-1204,8251
3426,-502,311,499,-2272,9595
3315,-725,248,374,-3552,9857
3215,-1008,159,650,-3332,9218
3264,-1361,151,808,-1879,6900
3736,-1664,234,-1196,-1480,1676
3851,-1504,507,-3139,-3294,-4968
3803,-1073,636,-4461,-7187,-8973
3615,-709,409,-5165,-9879,-9107
3444,-452,173,-4220,-11495,-8433
3091,-251,-161,-2529,-10194,-6751
3136,-89,-288,-1623,-7294,-1832
3276,-59,-40,-1044,-6204,2881
3169,-189,19,609,-5317,9728
3251,-431,-60,1946,-3065,14381
3533,-757,-45,1145,-1903,17383
4572,-1728,29,-1351,-3367,11418
4090,-1806,472,-3717,-7291,5678
4125,-1420,847,-6684,-14279,4432
3962,-941,571,-8289,-19528,5089
3853,-977,134,-7963,-18735,6267
3959,-1441,18,-6804,-16954,4444
3824,-1388,-48,-7005,-16846,1009
3447,-784,-280,-6076,-15497,-48
3276,-490,-541,-4682,-11525,948
3071,-596,-519,-3954,-7220,3309
3299,-1107,-217,-4635,-7162,5441
3513,-1510,-268,-7753,-9942,3755
3570,-1616,-484,-10023,-13500,741
3565,-1068,-1279,-12477,-12096,-2906
3672,-506,-1104,-6756,-10543,-1177
4030,-424,-399,-1143,-7576,2444
4233,-932,1598,87,-11825,6161
3775,-1329,2100,2184,-19310,3199
1845,-945,1681,8412,-21894,3280
260,-247,808,17660,-21473,6810
-46,-41,-483,21169,-19340,5460
-89,-66,-456,20546,-18305,6016
-73,-51,-217,21147,-19298,6363
-76,-37,-200,20854,-19340,6513
-37,-52,-103,20864,-19685,6988
-73,-48,-190,20954,-19676,7046
-90,-45,-206,20847,-19791,7437
-64,-59,-204,20890,-19902,7712
-63,-43,-228,20853,-19997,7998
-62,-45,-210,20872,-20233,8354
-55,-63,-221,20810,-20376,8544
-33,-67,-185,20775,-20560,8735
-39,-66,-176,20722,-20800,8848
-40,-58,-216,20641,-21016,8917
-19,-69,-215,20553,-21213,8951
-12,-74,-234,20466,-21370,8983
-11,-70,-203,20392,-21587,8988
-12,-80,-225,20296,-21749,8969
-18,-68,-221,20205,-21925,8903
-14,-60,-219,20121,-22044,8835
-1,-79,-206,20025,-22223,8757
-2,-83,-222,19950,-22329,8636
-14,-79,-238,19870,-22463,8551
-15,-79,-223,19777,-22577,8395
0,-77,-221,19715,-22705,8252
5,-82,-211,19623,-22859,8035
-17,-84,-209,19554,-22980,7859
-11,-77,-218,19472,-23066,7661
-14,-96,-218,19429,-23231,7499
-18,-83,-218,19376,-23303,7340
2,-83,-218,19357,-23422,7154
-11,-83,-218,19320,-23553,7006
-1,-70,-202,19271,-23689,6797
-8,-88,-210,19253,-23797,6565
-8,-78,-221,19230,-23890,6293
-5,-72,-212,19193,-24022,5951
5,-92,-201,19200,-24134,5634
-2,-92,-199,19220,-24258,5229
15,-96,-190,19231,-24438,4701
22,-120,-191,19261,-24606,4148
21,-109,-195,19272,-24812,3438
38,-124,-192,19251,-25055,2354
23,-126,-195,19247,-25229,1537
36,-125,-189,19276,-25347,709
18,-133,-187,19306,-25522,-153
41,-134,-180,19430,-25778,-1146
38,-136,-168,19636,-26035,-2209
58,-158,-155,19881,-26459,-3345
63,-174,-124,20108,-26846,-4629
64,-172,-110,20396,-27269,-6076
91,-193,-107,20567,-27821,-7581
77,-173,-113,20756,-28227,-9175
67,-183,-110,20974,-28715,-10685
96,-209,-152,21132,-29223,-12360
100,-200,-115,21292,-29771,-14148
90,-223,-126,21422,-30282,-15935
113,-212,-77,21576,-30942,-17707
101,-220,-109,21687,-31793,-20127
101,-232,-108,21764,-32537,-21981
89,-240,-126,21781,-32768,-23788
51,-234,-138,21837,-32768,-25590
28,-231,-169,21998,-32768,-27183
11,-252,-179,22065,-32768,-28530
16,-246,-146,22178,-32533,-29949
53,-263,-185,22219,-31979,-31650
80,-278,-159,22173,-31267,-32768
15725,-1824,19127,32767,32767,32767
12415,-1244,6762,28477,-17758,-88
567,-4103,-2530,-27183,32498,32767
4675,-3206,5741,-2854,-2326,32767
5085,-2947,5701,3235,-11181,32767
2930,-2725,423,2159,4784,-29164
3065,-1389,965,-2858,11136,-32768
3133,475,2422,-2164,12577,-32768
2649,1598,2558,10561,18708,-32768
1599,1578,2666,25779,20800,-21035
735,347,2870,32767,22472,3277
2408,-358,4350,32767,14563,14177
3782,-791,4387,32767,-13122,5808
3662,-530,4529,17742,-32768,-1559
8035,-1474,-338,3075,-32768,-1112
4435,-2046,5,3870,-28944,-2592
3766,-1893,-1093,3844,-7163,-21005
2107,-896,-124,335,10714,-32768
1603,-220,1726,2682,22080,-32768
2055,406,2582,3764,18393,-26770
2212,997,2250,72,-3925,-11635
2190,796,1792,-545,-13145,-668
2379,407,1424,-540,-22757,5137
2515,183,901,1368,-27739,9371
3063,157,886,3554,-25374,12464
3941,41,644,4743,-18447,10635
4120,-75,737,3123,-11841,5590
3844,103,874,3980,-3279,2304
3537,236,787,3513,2881,404
3306,466,836,1784,4783,-2649
3209,819,1016,143,4829,-4134
3287,1121,1353,-698,4113,-2304
3496,1203,1592,-1472,1144,1784
3870,1001,1720,-1655,-4178,3990
4092,822,1629,-1409,-8409,2869
4042,798,1367,-1126,-9871,-235
3820,873,1078,-555,-9061,-2691
3445,1037,783,1260,-5551,-4028
3284,1055,733,1627,-2752,-2400
3241,1000,728,1684,-1573,-364
3162,748,670,1365,-525,7
2909,410,668,1344,1322,-681
2591,236,596,1342,2219,-1884
2251,253,482,1766,2712,-2753
1942,319,424,2023,1480,-2700
1805,357,277,2059,-454,-2390
1602,354,68,1897,-685,-2857
1451,337,-52,924,132,-3682
1403,278,6,777,1592,-4523
1394,240,208,847,1534,-5754
1353,232,205,2168,254,-6488
1341,330,137,2649,-592,-6762
1276,409,119,2731,-1454,-6850
1285,510,216,2812,-3090,-5970
1477,655,219,3148,-4187,-2311
1784,674,293,3422,-5301,89
1996,670,487,5014,-6871,2383
2283,615,507,7114,-9384,3303
2403,573,208,8248,-10100,4624
2576,564,67,7382,-10183,6370
2536,577,-10,7175,-8796,8746
2701,357,-298,5161,-6221,10147
2723,105,-475,1625,-2150,11124
2596,-94,-384,-1112,2106,10819
2409,-198,-168,-1905,5882,8821
2248,-324,132,-1158,6665,6418
2106,-234,374,875,5124,4103
2250,-183,376,1704,2384,1986
2416,-181,341,1120,-2518,1446
2435,-163,146,927,-6116,860
2363,-206,-36,1162,-6096,577
2559,-302,440,2554,-5954,-106
2516,-406,259,2666,-6629,-1183
2699,-316,351,-458,-11973,-3943
2594,-243,-57,-761,-13918,-7377
2680,-153,-274,-2542,-15556,-11709
2492,-74,-326,-3227,-12674,-15679
2210,105,-418,-1469,-10016,-15592
1875,142,-369,1012,-6185,-13539
1496,236,-354,1247,-1886,-10516
1673,238,-52,1960,-1972,-9490
1615,110,-162,2065,-1794,-9172
1536,136,-9,2805,-4157,-8978
1321,205,73,3243,-5557,-7779
1355,201,-5,2415,-5095,-4730
1561,342,-293,1938,-381,-1778
1824,171,-451,1881,4983,-1555
1755,-71,-318,1575,9642,-2597
1507,17,-404,1914,10952,-5666
1718,-110,-2,2947,10828,-10007
1447,70,-147,4608,11073,-13189
1461,-31,205,6436,10170,-13244
1175,450,-92,7917,9809,-8745
1074,496,-54,8907,10084,-1858
1359,510,20,8964,11225,4316
1567,308,136,9042,11321,9291
1747,59,707,8154,12212,12934
1801,-23,516,6756,10597,15558
1785,-27,679,9153,5454,16581
1875,-113,513,13306,837,18356
1917,-212,226,14695,-2144,20267
1924,-434,194,13422,-5752,19768
1867,-538,-191,12791,-6665,17164
1991,-633,-313,12771,-2879,10658
2010,-545,-328,10495,-1218,4024
1997,-364,-246,8561,2,-1537
1975,-189,-266,8521,870,-3680
1978,-76,-170,7890,739,-4450
1967,-55,-157,7311,-211,-4949
1862,-136,-107,6707,-1552,-5986
1674,-153,-116,6205,-1871,-8374
1410,14,-249,6250,688,-10051
1262,300,-333,6776,5573,-9545
1337,468,-187,7730,9542,-7137
1640,556,128,8934,10078,-4607
1745,464,209,10141,8979,-2612
1749,317,260,11556,8593,-3157
1602,325,249,13897,9115,-5222
1537,381,134,14286,9443,-3909
1909,491,127,14972,9195,-2379
2108,485,125,15824,5293,-3123
1987,452,129,15345,62,-2666
2090,447,253,14149,-4530,-1345
1977,446,225,15399,-3554,-1033
2084,401,349,15456,-1728,-931
1963,376,431,16340,-1170,-1801
1780,540,223,18272,-934,-2883
1525,770,-314,19716,1088,-1720
1618,877,-678,19232,6052,1013
1818,798,-790,16934,10015,3004
2003,695,-438,13886,10891,2747
1970,573,-127,12721,10610,679
1990,704,5,12022,9492,-824
2022,834,100,12415,8210,-968
2242,888,115,13076,5288,-1107
2318,895,-17,13036,991,-1529
1915,850,-555,10472,1255,-226
1974,912,-293,9268,7387,248
2099,890,2,10402,9836,195
2188,790,207,11160,5418,1154
2125,591,-65,11817,53,1067
2068,617,-100,12860,-1030,2376
2049,612,14,13305,-2858,5068
1716,416,-93,14447,-176,7616
2125,219,-158,14247,4303,9495
2567,-15,-342,11751,5770,5036
2536,57,-292,11328,7479,243
2338,303,15,10121,6120,-2328
2089,448,87,10153,687,-1358
1989,400,-156,9993,-3419,353
1945,315,-503,9426,-3210,622
1741,578,-487,10670,1192,-831
1452,765,-551,12243,5188,1673
2042,176,-186,11730,4995,1742
1991,445,-80,12619,3235,-1071
1923,659,-79,15521,1136,-2893
1586,526,-281,18831,1182,-3076
1525,356,-523,17862,1956,-638
1837,526,-375,15358,2789,1543
1861,504,-411,15825,4667,2144
1977,432,-328,15991,5441,507
2019,465,-267,16954,5323,-877
2016,607,-317,17905,4431,506
2069,596,-335,17839,3958,3354
2215,455,-394,17653,4705,4369
2222,359,-405,17379,6638,2202
2104,289,-228,16903,7598,150
2051,335,-175,17776,5851,-1322
2083,329,-175,20264,1877,-4684
1864,689,-409,19447,1186,-4311
1994,792,-515,18385,3518,-539
1995,797,-481,17842,4758,2396
2002,679,-500,16525,6175,3465
2042,403,-316,16783,7672,1165
1997,427,-231,17558,7387,-2066
1644,585,-339,17794,7010,-2233
1854,834,-311,15508,5689,2409
2146,1020,-472,14648,5467,2875
2077,836,-446,13877,7073,2487
2001,625,-255,13579,6720,1480
2061,533,-86,14613,4032,-1503
1899,782,-346,14763,1101,-4949
1987,1032,-465,14272,3848,-1899
1874,994,-288,12831,5538,2186
1938,818,-245,11901,5631,5182
1925,697,-170,11040,5335,6338
1957,556,-155,10872,5624,5041
2152,543,-92,12063,5586,2688
2224,555,109,13775,5795,-301
2129,848,42,15028,3878,-2485
1772,1076,342,19978,2972,802
1821,843,101,21894,1096,5676
2095,578,-148,20160,-1371,7782
1953,548,-173,17155,-1741,7966
1765,300,-294,13444,-1350,7410
1842,160,-56,12006,-932,4815
2438,76,-47,12912,-1189,414
2909,100,-129,14236,-3217,-3903
2821,254,-285,14367,-6176,-5039
2463,426,-531,12351,-6222,-2128
2134,490,-670,10283,-2198,1139
1981,408,-663,9424,4629,2586
1962,326,-541,9412,13469,1487
1988,255,-204,9510,16540,-716
1994,290,3,10809,16658,-2256
2077,303,33,11841,15862,-2930
2078,326,43,11914,15475,-2101
2019,344,76,11489,14934,477
1938,255,144,11076,13807,3577
1923,168,229,11953,14228,3532
2101,205,466,12719,12413,1261
2071,264,508,14355,7284,335
2172,238,401,15430,2985,-42
2220,265,313,14768,-135,-2033
1890,464,308,13244,-1043,-2509
1691,604,270,12682,-1477,-1359
1557,518,218,11232,-2658,1608
1519,491,118,9957,-3205,4444
1735,399,-57,9487,-2208,5119
1961,319,84,8764,-1163,2583
2022,279,198,8474,-1819,240
1910,367,129,8812,-2599,-1598
1799,449,99,9190,-2200,-1089
1879,431,135,8866,-3165,-352
1978,398,112,8928,-3739,-570
2010,434,-15,8794,-3493,-1558
1983,486,-19,8264,-2788,-1443
2057,507,36,7654,-2585,-1234
1941,478,70,7151,-2994,-625
1894,463,-50,7172,-3084,-215
1980,453,-138,7220,-2441,-1404
1943,545,-199,6839,-1189,-3075
1874,674,-117,6346,-999,-2213
1840,699,-108,5983,-2560,-207
1877,692,-199,5141,-3998,1535
1961,666,-219,4171,-5146,2040
2022,553,-396,4111,-5789,3167
2114,602,-470,2976,-4032,4069
2220,506,-310,3113,-2746,4531
2256,420,-207,3758,-2559,3307
2199,373,-245,4638,-2128,1547
2014,430,-183,4824,-2206,683
1899,567,-274,4901,-3757,922
1809,655,-490,4440,-4340,780
1876,610,-567,3729,-3389,776
2027,477,-612,3744,-2507,2973
2345,313,-528,1886,-1783,3125
2630,340,-697,2115,-561,4197
2724,257,-434,1253,1105,4104
2661,181,-343,1901,1098,3181
2444,182,-321,2160,1070,1678
2205,178,-382,1712,1244,-344
1974,183,-352,1543,1077,-1476
1972,141,-269,3403,1392,-1894
2088,94,-335,5489,2679,-2692
2297,132,-361,6453,3122,-3953
2409,268,-359,6504,1731,-4224
2315,364,-449,5514,221,-3281
2196,301,-467,5587,-383,-2764
2209,299,-442,5544,166,-2599
2114,301,-479,5240,1648,-3092
2002,325,-449,5016,4175,-2965
1973,330,-392,4684,5852,-1765
2133,343,-258,4022,5683,-1239
2089,439,-239,3599,3984,-1605
1956,481,-277,3282,3175,-329
1807,554,-486,3069,2443,657
1746,503,-553,1878,3404,998
1713,441,-328,835,3063,743
1813,421,-153,431,1514,972
2329,243,-197,1714,1998,-1971
2182,290,-209,2550,3466,-4646
1952,422,-270,4295,4585,-3993
1848,485,-290,4084,5007,-2576
1879,515,-141,4248,4030,-1579
1950,494,-122,4544,2504,-1239
1967,512,-190,4389,1355,-449
2005,555,-198,4076,300,1232
2154,510,-209,4102,-8,2271
2086,560,-366,4986,1417,2772
2030,325,-409,5276,3544,2837
1942,340,-324,6017,5076,2189
2041,407,-236,6605,4869,551
2072,403,-176,7125,4329,-510
2109,408,-137,7279,3188,-1330
2136,367,-94,8231,2357,-1550
2212,385,-193,8952,2292,-1846
2026,632,-217,7514,2382,-662
1982,539,-119,6993,1348,2341
2083,315,-39,6913,-290,3242
2067,247,-119,7624,-581,3014
1949,185,-203,8378,885,1281
1968,125,-75,8746,1694,742
2206,156,-31,8476,367,1321
2486,228,-43,6799,-1733,2855
2741,119,36,6694,-4542,4441
2920,-31,-86,7795,-5831,2951
2629,-84,-201,8455,-5252,-1081
2139,98,-208,9389,-3313,-2915
1849,265,-207,9825,-1348,-2353
1704,327,-170,10027,176,451
1807,232,-93,10411,1549,3327
2034,123,-54,11419,3009,4353
2219,4,2,12669,4004,3830
2343,75,47,14002,2928,2078
2240,162,-66,13598,1882,1593
2018,217,-138,12883,1339,3272
1970,177,-196,11626,519,4369
1897,29,-157,10639,355,4505
1939,-34,-144,10783,813,4568
1965,29,-122,10658,607,4503
1838,136,-116,10007,-858,4586
1949,127,-187,10211,-1822,3317
1944,96,-382,10258,-588,-209
1840,53,-262,10589,1958,-2896
1754,77,-201,11087,3427,-4420
1749,241,-200,10692,4498,-4227
1780,357,-220,9239,5855,-2546
1846,291,-28,8222,6038,-1183
1929,369,30,8459,6086,-425
1896,413,4,7333,6024,1182
2404,214,802,9185,-219,2188
2443,175,170,7602,-4981,-434
2417,262,-63,7621,-5208,-3800
2367,213,34,8718,-4830,-6230
2386,279,132,10722,-6804,-9207
2133,358,-142,11513,-8359,-10625
2114,576,-9,10863,-8259,-10620
1919,570,-204,11141,-5697,-9339
1790,446,-400,12356,-1736,-7756
1997,390,-641,10889,2084,-6187
2177,385,-477,8122,3563,-7297
2162,404,-183,7799,3381,-8499
2022,510,-41,9103,699,-8191
1794,781,-186,10395,-1219,-4370
1721,825,-293,10900,-1734,754
1773,663,-313,12593,429,2496
1939,246,-464,13155,3852,1856
2356,73,-237,9504,2037,826
2462,73,-70,6578,-1736,-4138
2375,237,2,7402,-2393,-7282
2375,413,-120,7585,-3862,-9183
2265,504,-211,9633,-3970,-11262
2074,489,-209,11054,-4578,-12268
1916,671,-192,14453,-4580,-10410
2055,697,-175,18006,-2967,-7760
2241,679,-332,18454,-1851,-3724
2321,594,-403,16641,-1317,-1087
2584,379,-391,15119,-923,-1855
2436,323,-416,14573,-419,-5132
2033,295,-530,13710,848,-7425
1699,303,-542,11778,1182,-8792
1551,360,-423,10185,1291,-8509
1675,682,-344,9796,1261,-5246
1711,857,-364,10219,232,-549
1727,857,-467,11202,1333,6309
2042,567,-447,13264,3515,11431
2718,382,-84,15680,-1886,7792
2622,197,-363,19242,-6121,4274
2537,259,-704,22522,-4381,1314
2348,79,-1132,21286,-1205,-1640
2372,129,-1137,16607,3306,-5386
2322,390,-645,14570,6850,-8524
2173,479,-396,14752,7065,-10022
1934,560,-374,14701,6279,-9874
1594,673,-364,15583,7836,-7090
1952,580,-519,16046,8874,-6384
1732,419,-570,10129,4181,-8269
1334,575,-378,7141,3705,-6663
1241,711,-266,7754,5213,-1419
1589,546,-292,7807,4855,3648
1840,435,-398,7737,5355,5268
2161,267,-396,7338,5623,3594
2197,159,-346,6597,5463,-186
2054,206,-168,7499,5239,-2860
